{
    "bounds": [
        [
            0.1,
            0.9
        ],
        [
            0.1,
            0.9
        ],
        [
            0.1,
            0.9
        ]
    ],
    "sequence_length": 10,
    "default_connectivity_radius": 0.025,
    "dim": 3,
    "f_tensor_diff_mean": [
        5.128907727705411e-09,
        -1.564251331076841e-09,
        -1.3621060058517377e-10,
        2.1454599725733918e-09,
        7.21573430410093e-09,
        -1.1430604278104956e-09,
        -9.47280633453624e-10,
        8.24081767123593e-10,
        1.1435158157867144e-09
    ],
    "f_tensor_diff_std": [
        1.7381653025092908e-07,
        7.186004159292104e-08,
        6.22284898593801e-08,
        7.363015033506197e-08,
        1.7229005568936844e-07,
        6.118074667924529e-08,
        6.084919268559442e-08,
        6.143540245420518e-08,
        1.3818213186626447e-07
    ],
    "C_diff_mean": [
        2.670984386983664e-06,
        1.0997954293453136e-07,
        -3.9094760879901594e-08,
        7.46796673478279e-08,
        3.1512658903722027e-06,
        -5.340089608071726e-09,
        -1.5193387728735444e-07,
        4.247863176829287e-09,
        1.158538958540242e-06
    ],
    "C_diff_std": [
        9.89149285911678e-06,
        5.592884822854727e-06,
        4.425937241485844e-06,
        6.5323369759220065e-06,
        1.2432656261822216e-05,
        4.5007299327242755e-06,
        4.308670603083736e-06,
        4.329862520283616e-06,
        9.609137931612587e-06
    ],
    "vel_mean": [
        0.0,
        0.0,
        -7.199963399360742e-05
    ],
    "vel_std": [
        0.0,
        0.0,
        4.59560272625556e-05
    ],
    "acc_mean": [
        0.0,
        0.0,
        -1.4400482177734375e-05
    ],
    "acc_std": [
        0.0,
        0.0,
        4.800168505455841e-06
    ]
}